Name,Email/Contact,Source,Type,Project/Company,Interest Area,Outreach Date,Template Used,Response Date,Response Type,Next Action,Status,Notes
John Doe,john@example.com,Twitter,Potential User,AI Startup,Agent Infrastructure,2026-02-13,Potential User,Pending,None,Send follow-up,Not Contacted,Met at AI conference
Jane Smith,jane@example.com,LinkedIn,Technical Partner,DevTools Inc,MCP Integration,2026-02-13,Technical Partner,Pending,None,Schedule call,Not Contacted,VP Engineering
Alex Johnson,alex@example.com,GitHub,Potential User,Open Source Dev,Privacy Tools,2026-02-13,Potential User,Pending,None,Send demo link,Not Contacted,Active in E2E encryption repos
Sarah Chen,sarah@example.com,Referral,Investor,TechVC,AI Infrastructure,2026-02-13,Investor,Pending,None,Send pitch deck,Not Contacted,Interested in AI agent space
Mike Brown,mike@example.com,Hacker News,Potential User,Startup Founder,Developer Tools,2026-02-13,Potential User,Pending,None,Share HN post,Not Contacted,Commented on Show HN
Emily Davis,emily@example.com,Reddit,Potential User,Freelance Dev,Side Projects,2026-02-13,Potential User,Pending,None,Send GitHub link,Not Contacted,Active in r/opensource
David Wilson,david@example.com,Twitter,Technical Partner,Cloud Provider,Edge Computing,2026-02-13,Technical Partner,Pending,None,Propose integration,Not Contacted,Works on Cloudflare integrations
Lisa Garcia,lisa@example.com,LinkedIn,Potential User,Enterprise,AI Strategy,2026-02-13,Potential User,Pending,None,Send enterprise features,Not Contacted,Head of AI at Fortune 500
Tom Anderson,tom@example.com,Discord,Potential User,Indie Hacker,Monetization,2026-02-13,Potential User,Pending,None,Share peek economy details,Not Contacted,Building AI tools
Rachel Lee,rachel@example.com,GitHub,Contributor,Open Source,Encryption,2026-02-13,Technical Partner,Pending,None,Invite to contribute,Not Contacted,Crypto/Security background
James Taylor,james@example.com,Referral,Investor,Angel Network,Early Stage AI,2026-02-13,Investor,Pending,None,Request intro call,Not Contacted,Referred by mutual contact
Nina Patel,nina@example.com,Product Hunt,Potential User,SaaS Founder,New Tools,2026-02-13,Potential User,Pending,None,Send PH launch details,Not Contacted,Active hunter on PH
Kevin Martinez,kevin@example.com,Twitter,Technical Partner,AI Framework,LangChain User,2026-02-13,Technical Partner,Pending,None,Propose MCP integration,Not Contacted,Maintains popular AI lib
Amy White,amy@example.com,LinkedIn,Potential User,Consultant,AI Implementation,2026-02-13,Potential User,Pending,None,Send use cases,Not Contacted,Helps companies adopt AI
Brian Clark,brian@example.com,Hacker News,Potential User,CTO,Technical Infrastructure,2026-02-13,Potential User,Pending,None,Share architecture details,Not Contacted,Asked technical questions
Sophie Turner,sophie@example.com,Reddit,Potential User,Researcher,AI Communication,2026-02-13,Potential User,Pending,None,Send research applications,Not Contacted,PhD in multi-agent systems
Ryan Lee,ryan@example.com,Discord,Potential User,Bot Developer,Discord Bots,2026-02-13,Potential User,Pending,None,Propose bot integration,Not Contacted,Builds popular Discord bots
Olivia Hall,olivia@example.com,Twitter,Technical Partner,Stripe,Payments,2026-02-13,Technical Partner,Pending,None,Showcase Stripe integration,Not Contacted,Developer advocate
Daniel Kim,daniel@example.com,GitHub,Contributor,Full Stack,Next.js,2026-02-13,Technical Partner,Pending,None,Invite to frontend work,Not Contacted,Next.js contributor
Emma Lewis,emma@example.com,Referral,Investor,VC Firm,DevTools,2026-02-13,Investor,Pending,None,Send market analysis,Not Contacted,Focus on developer tools
